island,species,culmen_length_mm,culmen_depth_mm,flipper_length_mm,body_mass_g,sex
Umananda,Adelie,34.6987086302694,16.70002421720055,191.4065971630069,3647.2871759604122,female
Saikhowa,Gentoo,34.41027421816525,13.731409328740465,211.42385143974127,4031.1578227152686,male
Umananda,Chinstrap,33.18648198230011,19.044881904787623,199.90913425273743,4557.25814210923,male
Umananda,Chinstrap,30.44373160052988,12.628579035049315,203.03122961591842,4556.974316607831,male
Saikhowa,Gentoo,37.164184160323025,18.70980075924142,203.67522302509371,3997.5876890474347,male
Saikhowa,Gentoo,45.64444371523454,18.958821801668122,193.8377944659339,4386.506681126905,female
Umananda,Chinstrap,51.28242007713771,19.637529231454387,203.89886819472395,3155.470775335552,female
Majuli,Chinstrap,37.13207420829953,17.173718326323606,192.27630215685699,3640.3400049352235,male
Umananda,Chinstrap,45.43052763384828,18.83325693231506,194.9789699590112,3650.5247802681993,male
Umananda,Chinstrap,38.02708840881702,16.680506719269566,205.58690966033276,4626.106454879909,female
Umananda,Chinstrap,31.746321402757193,14.626605764624133,202.93393955641903,4327.327081454004,female
Umananda,Chinstrap,43.50471130723039,20.06146478507599,199.2503504916095,4092.3263879523,female
Saikhowa,Adelie,41.17407043397783,16.806228340769852,187.4126835073699,4140.867531914687,female
Umananda,Adelie,49.090098039805575,14.18097736505361,189.9084171065037,4784.169638015062,male
Majuli,Gentoo,32.32660759008622,16.066370108420436,202.76709043904984,3914.9101667467244,female
Saikhowa,Gentoo,53.98016354167638,16.145350634863657,207.32140563485115,3342.9663457329802,female
Majuli,Gentoo,47.95858661594078,17.923393836248422,188.90354495479244,4543.597592197652,male
Majuli,Gentoo,39.91038213219073,21.69409496674546,191.60174752547832,4090.9195186025304,female
Majuli,Gentoo,38.50681104100741,18.04483722656513,201.3418517417772,4476.835839082891,female
Majuli,Gentoo,36.42095065565691,17.41368770399305,201.12787862629094,3977.6175963067462,male
Saikhowa,Adelie,40.548663195938964,21.91155239912511,183.7604279123896,3580.6552381480533,male
Saikhowa,Adelie,39.080319222955104,18.95778707982545,201.61563013439988,4201.410860541489,male
Majuli,Gentoo,42.568977067903056,17.50849840826986,194.01632189769782,4005.087535370715,female
Majuli,Adelie,38.52816669490847,16.04117628236381,216.4104662972896,4092.4711414372046,female
Saikhowa,Gentoo,47.07481845748332,17.632400152409122,202.49198542735655,4808.285247058708,male
Saikhowa,Adelie,40.625230155832234,16.867219191813728,204.21473449875901,3450.6487613076497,male
Saikhowa,Gentoo,38.71591486037134,17.18286825511799,204.4735930219061,4142.959330237991,female
Umananda,Gentoo,45.12143290889695,19.628804849538945,187.86072619347436,3590.5016549206616,male
Umananda,Chinstrap,31.88738184901124,15.919355633725024,219.43876893108603,2704.727013439971,male
Umananda,Gentoo,41.70494176138567,18.02708141632703,183.77088752548826,3975.517405488888,male
Majuli,Gentoo,40.12785668204717,18.89787997967519,207.9570314169974,4015.5114684999035,female
Umananda,Gentoo,32.945747347971086,15.675774966351181,206.1866393748065,4311.76105147538,female
Majuli,Gentoo,31.45748360215746,15.354757169021799,195.2299762008704,3891.2296257080284,female
Majuli,Gentoo,45.05172501470789,16.699316154838193,206.6645031671339,3255.4998224380142,female
Umananda,Chinstrap,44.81395345175347,16.07674081948708,196.82426801176263,3588.7842113725683,female
Majuli,Adelie,40.8627921481718,19.30466521748301,193.2453855514422,4658.479418343351,female
Umananda,Gentoo,48.58328888227362,14.996463442870692,204.69559169352928,3581.6860353546845,male
Umananda,Chinstrap,42.20484090930634,17.13694273705734,189.93439008912097,4791.612764846253,female
Saikhowa,Adelie,46.24902659705607,22.09209666680895,197.7574484124243,4524.992146285692,female
Umananda,Gentoo,42.101622935922606,17.826113067572365,194.0582325127004,3841.109697831965,male
Saikhowa,Adelie,38.62095217199004,18.15858028860977,196.64020490427055,3635.4604184486507,female
Umananda,Chinstrap,34.71234374283329,19.32136499139425,204.32728599130184,4523.956484565289,female
Umananda,Chinstrap,36.98281872548618,16.07410186914928,194.05633627653793,3879.54437745319,male
Saikhowa,Adelie,38.71438864376391,14.837160742509193,198.07676086927634,3227.174930150021,male
Saikhowa,Adelie,46.815765510533524,17.35302255232549,194.9685474809842,4281.158310311629,male
Umananda,Chinstrap,43.84959779264832,17.530807656697075,214.43996665574545,4208.631723929093,female
Majuli,Gentoo,41.65159534121308,13.763578410573677,203.4261239821389,4568.853101357389,male
Saikhowa,Adelie,44.350049537820375,17.750143829365555,202.20069632966718,4174.797499680149,female
Majuli,Gentoo,42.636918578462414,19.139700997402077,206.83418504623424,3725.4265114771415,female
Majuli,Gentoo,41.30968805553413,15.174103853951982,194.05865423225114,4634.8394198010665,female
Majuli,Gentoo,32.50670299246523,17.871111696749626,208.5925722499984,4683.495216339422,female
Saikhowa,Adelie,45.695787864308386,18.784527320740267,203.46177745832742,4116.602981992603,male
Majuli,Gentoo,37.70744076236762,18.173356417060162,184.39109097245935,4030.160957266486,male
Saikhowa,Adelie,45.442701388112724,18.362012477483113,185.71969166899234,3338.3644884474475,female
Majuli,Gentoo,45.92605145755445,16.510399516387398,194.27702947215934,3696.2368288267617,male
Umananda,Gentoo,36.649804032223265,14.744991324518807,186.7899350413483,4380.384820979677,female
Umananda,Gentoo,44.74858040297969,16.105707075232175,197.61721539300416,3721.3598498186498,female
Saikhowa,Adelie,38.19506260372051,15.82788579625875,189.86262008584137,3271.5810653033386,female
Umananda,Adelie,38.22483836176638,16.839481907584908,199.0227694692908,5747.93889480005,male
Umananda,Chinstrap,41.28736617291329,19.18654181091986,214.11709375931457,3268.2970207866556,female
Majuli,Gentoo,41.4223629458477,14.376319743671662,199.50623096443815,5128.375698217059,female
Saikhowa,Adelie,40.19275757675446,17.28850004563478,196.97035545098072,3846.28827770087,male
Majuli,Chinstrap,33.328559922220215,14.873196708964294,203.88242647785344,3957.718500428096,male
Majuli,Gentoo,39.3927668025783,15.519906164354458,193.03580207077397,3663.8608639062004,male
Majuli,Gentoo,51.39239364094203,18.117481505223683,208.43414309396,4391.418582368946,male
Majuli,Gentoo,26.07997885598989,14.620109893268602,204.95212953124113,3280.112893444958,female
Majuli,Adelie,44.34870220114206,18.468488579405957,200.38865562048565,3079.835481882914,male
Majuli,Adelie,45.285624666781544,14.29567110675055,201.54315831633588,4805.085764689303,female
Majuli,Gentoo,33.20826140356924,18.33396080687632,220.41745910562852,3598.013800596511,male
Saikhowa,Adelie,37.65280543295227,13.900937460842975,209.4231221026787,4373.0440597698425,male
Umananda,Gentoo,34.99641421028328,15.76437464148677,221.99526631161334,3457.2719615518918,male
Majuli,Chinstrap,49.26982688655939,20.79298876625912,205.3203019329245,4354.210521447291,male
Majuli,Gentoo,45.515126333888915,20.41709273953377,185.2830855732931,4841.773249389225,male
Majuli,Gentoo,45.75712687232366,16.17495069496571,197.37826297136158,3736.4393072924418,male
Majuli,Chinstrap,40.60323612997398,17.779921172059804,182.99795125451934,3033.2794466070095,female
Majuli,Chinstrap,46.560459748748215,19.40813603776977,205.2830303466692,4844.396956654952,male
Majuli,Chinstrap,39.958817164689606,18.36259234884094,207.45404197345403,4463.122160762446,male
Umananda,Adelie,46.79578813605279,16.453071507090353,191.1408400404072,3763.2143831143458,male
Umananda,Chinstrap,39.256517879438896,15.502729371927334,193.44363620353147,3891.0239733656767,male
Majuli,Gentoo,36.6037904164328,18.73620628591586,201.48750896235217,3444.673901875157,female
Umananda,Chinstrap,49.054751331659716,19.261406617229003,188.0189593673578,4710.12846622098,male
Saikhowa,Gentoo,39.89575619667432,20.431403668788775,187.26840230757466,3732.6421960946773,male
Majuli,Gentoo,35.50600045878768,13.625501153093857,212.3863204804112,3290.6457312262633,male
Saikhowa,Gentoo,35.45183051255014,14.493750423597895,201.14710618163969,4106.822940756236,male
Saikhowa,Gentoo,35.467106634904795,19.32384720429416,194.41890642294044,3569.99331921073,female
Majuli,Gentoo,44.222211755146844,13.896938906499646,183.07881111442782,3484.992712068446,male
Umananda,Gentoo,39.505685614773924,19.477099909823867,208.52351356894474,3784.9503981190273,female
Saikhowa,Adelie,51.48979487998541,16.570134988029217,193.1548178778303,4043.1776577501855,male
Majuli,Gentoo,45.9308909116206,15.95817236132663,218.60684445870538,3309.4451220426263,female
Saikhowa,Gentoo,41.28569065046985,17.410857192542938,208.59310097693444,4692.574462606162,female
Saikhowa,Adelie,47.019487705991416,14.309263095529003,191.91858145592732,4338.579856032894,male
Saikhowa,Adelie,37.52246331765258,18.648029661196702,192.8452830286853,3817.3185046136346,male
Saikhowa,Adelie,30.72607097920347,20.379273995389394,217.21851162944333,3548.328256851501,female
Umananda,Chinstrap,35.0520847121263,18.741152431628482,199.15740553165494,3955.387273541668,female
Saikhowa,Gentoo,40.736039146848015,16.50698261489172,194.8668877167663,4449.717520377861,male
Saikhowa,Gentoo,38.8872926391443,13.923928584469119,200.2772168847657,4372.292013599839,female
Saikhowa,Adelie,44.122076941287304,14.000825087594134,194.8208734994621,4529.2521502255895,female
Umananda,Chinstrap,39.37693109328265,14.340713395521384,202.41048477108166,3759.811254509839,female
Saikhowa,Adelie,43.74017362980862,16.975443445775365,199.24176378481738,2537.5374104016614,male
Saikhowa,Adelie,47.50485815282145,17.22680012654521,208.7550798051151,4623.905598958124,female
Umananda,Chinstrap,39.36152074694614,18.73688702148199,196.11425896760875,3916.401928463824,female
Umananda,Gentoo,42.775726443555605,13.40794202703385,191.15183633310352,4333.083032735831,female
Umananda,Gentoo,31.22606579712383,19.6224204607848,196.51015303376414,4834.614377320151,male
Saikhowa,Gentoo,39.38053010629721,18.38881263789074,196.44916101775954,5217.204316618841,male
Umananda,Gentoo,33.84020937126989,16.34632741387573,199.22466184806007,3675.0892609295897,female
Umananda,Gentoo,40.72613388564673,14.6204769165358,206.34540288057224,4066.9799535828224,male
Saikhowa,Adelie,41.17999878338665,19.498281283382237,205.7990896747192,4683.418230302723,female
Umananda,Gentoo,41.16338178956897,16.399812077525233,211.9965867585857,3577.860490738502,male
Saikhowa,Adelie,37.59938705101853,16.959962201311143,191.88510322266475,3708.944203104786,male
Majuli,Gentoo,51.49234430867416,17.767223941575864,203.8872012305111,3705.9807107705624,female
Umananda,Chinstrap,33.659892441784656,15.173602188436778,207.27319847020715,3985.9548432959887,male
Majuli,Gentoo,33.354270864192415,16.4356388419495,193.25779593688137,3889.938159855015,male
Saikhowa,Gentoo,48.27489187868292,18.73063380404076,197.9236894701762,3703.1023388718377,male
Umananda,Chinstrap,36.478604347050535,18.52819215699255,182.50022125781203,3517.1212921968704,female
Saikhowa,Gentoo,35.27654656231785,18.546214413390476,209.06857695125734,4405.970164197646,male
Majuli,Gentoo,51.51455948861556,14.689640497719136,197.8450179768013,4668.915510483059,male
Saikhowa,Adelie,44.92861358411782,16.526839298541717,208.06564176681,4741.357397086207,female
Umananda,Gentoo,37.02767725930889,16.20721232990439,202.06049517879512,3759.463221307758,male
Umananda,Adelie,41.08753952846781,17.850357684549405,198.14834771025127,4426.862336128639,male
Majuli,Gentoo,49.729356424138416,17.671315979297795,184.07197200647514,4118.162951363888,male
Saikhowa,Adelie,43.45810340475434,17.310854661485873,185.8504738928356,3714.6643256933376,male
Umananda,Chinstrap,46.43074227553221,21.931467910839856,174.06853815658258,4367.109109354098,male
Majuli,Chinstrap,44.024015893669024,16.418387839711926,194.37386517171345,3691.6974729772514,female
Umananda,Chinstrap,44.651266729767705,16.18435382786291,222.78248703181248,3811.911698609156,female
Umananda,Gentoo,40.19870847955214,14.686500659327887,187.12052610482002,3311.635148748185,male
Saikhowa,Adelie,40.0567423948811,13.924305348142259,173.68568116580093,3767.889451283387,male
Umananda,Chinstrap,41.33525192674227,14.559365245568449,209.6266891958553,4126.930604507293,male
Saikhowa,Gentoo,43.6722640372515,15.562636149113441,223.637178692967,4784.467247838747,female
Umananda,Gentoo,38.58342342083694,19.620146188875704,202.97921065259803,3823.2522768991566,female
Majuli,Gentoo,40.610269672515024,17.078327808723717,202.8873239471996,3480.915426456533,male
Umananda,Adelie,38.44827192022007,17.386661333905465,196.90117926356248,4748.684485467063,male
Saikhowa,Adelie,40.578424109972644,16.807453383595806,182.0574276948994,3747.723781457891,female
Saikhowa,Adelie,33.74501834509076,17.730601986043578,185.49288082256524,3125.8091719295676,male
Majuli,Gentoo,53.02988733479759,19.804144294435687,196.83246670601483,4066.546867568392,female
Umananda,Chinstrap,36.33529940610562,13.012138327463928,194.91544659970256,3837.6132633604125,female
Umananda,Chinstrap,38.192696376202846,19.43667463117076,198.84827072230058,5150.1978213425855,male
Majuli,Gentoo,35.90367803222599,11.969923094929985,208.29324823928158,4237.6830171736065,female
Umananda,Chinstrap,43.0785437458227,17.056405423043856,194.18162168082978,3926.828823172582,male
Umananda,Chinstrap,39.019986843788345,21.38381470948883,208.49716756404612,3537.751395372198,male
Saikhowa,Gentoo,35.18096244951391,18.36131587906309,194.2471029009723,4165.083420596484,male
Umananda,Adelie,43.28441683112172,17.746117870641275,210.38239592865756,4728.354975030898,male
Umananda,Gentoo,43.95824573961396,21.003891933605946,200.86367567073424,4155.907091738631,male
Majuli,Gentoo,39.66561837761367,15.593874203997713,195.64169659078487,3576.285153941027,male
Majuli,Gentoo,36.68187024308961,17.867934844930094,200.6929406054889,4269.403105875977,female
Saikhowa,Adelie,50.95533002779859,18.156234194947785,197.06461157842432,3975.6965525635924,female
Umananda,Chinstrap,41.70033815262615,15.955195731545949,201.13134237679972,4224.306551659081,female
Umananda,Gentoo,33.62965507523338,16.131779641008038,207.58106198517473,3822.59632490789,female
Umananda,Gentoo,47.070202305013844,15.91244113355332,199.1278440158435,3810.852362869394,male
Saikhowa,Adelie,35.72112625293715,17.174629948017127,196.3043114714622,3791.11010128411,female
Saikhowa,Adelie,53.70939170134958,18.093383211542626,188.76483795089172,4471.119075748681,female
Majuli,Gentoo,40.39828928763794,17.246460545829326,205.79178019291714,3815.8873623794543,female
Saikhowa,Adelie,45.066580180276766,18.41892363485971,203.48272226402725,3770.1346343128866,male
Umananda,Adelie,29.599912195765494,13.061705428052905,188.1805714907248,3528.967049218817,female
Umananda,Gentoo,33.579295579550184,16.563497672514327,208.35494277920762,4227.006900858384,male
Saikhowa,Adelie,46.66929809880357,14.953161379298708,188.01815967397664,4155.850901065609,female
Umananda,Chinstrap,41.58907532814568,17.603445025365797,210.29221791233894,3775.6158877556845,male
Umananda,Gentoo,50.211982113570365,17.573834857344647,206.87863327187017,3645.3106462210694,male
Saikhowa,Adelie,42.42587552614795,16.76875577008509,204.1966552259807,4938.086706613856,female
Saikhowa,Adelie,40.7264811987052,18.020558021064144,196.23004840832965,3059.778472437581,male
Umananda,Chinstrap,48.567869954111025,18.995625436528055,205.75779782666453,4246.586001600861,male
Umananda,Gentoo,45.050684996127224,16.878958955387382,210.7637199524118,4645.701774108004,female
Umananda,Chinstrap,39.018694003618556,14.896610223800597,205.92351921108173,2306.59311925585,female
Majuli,Chinstrap,34.529479497507765,13.837484858161037,193.29749978273762,4397.0700300380895,female
Majuli,Adelie,28.14192167617253,17.072220350660256,202.67406982355465,3889.872699251956,male
Majuli,Gentoo,37.811671650986476,17.48373340302708,211.32034986295037,4128.02743214163,male
Saikhowa,Adelie,34.06832452389314,15.060952220960042,221.99098180556703,3838.381017738955,male
Majuli,Gentoo,52.98852321617192,18.451533646326066,197.94787025500804,4537.696722823039,female
Saikhowa,Adelie,36.74814527964987,16.082086228350853,208.5788310613143,4181.559670835679,male
Saikhowa,Gentoo,36.61145497187478,13.6871342696577,211.34480520084318,4065.8599447671577,male
Majuli,Gentoo,32.39377562705677,19.51287268469038,191.87595001010237,3550.5696965207035,male
Majuli,Chinstrap,38.668413357386484,19.287975838404325,217.8207831806148,4941.146116917094,male
Majuli,Gentoo,36.67732535178894,12.968801126673803,189.34815315916555,4004.9655098666353,male
Umananda,Chinstrap,48.6886471437223,15.874799436692616,208.08985515032975,5144.90289873023,male
Majuli,Gentoo,40.842380797074924,15.796832637171448,203.05319779547065,4963.784692589097,male
Umananda,Chinstrap,39.955679886718116,20.278977318835004,200.5557555999816,3110.8245163673096,female
Saikhowa,Adelie,39.32663622958701,16.80141457991669,225.46833281448644,3672.527019598655,female
Umananda,Adelie,43.93087460094601,14.008243603889165,196.987447646732,3481.524497012529,female
Majuli,Adelie,37.7383591718275,18.764209564481757,196.82654407271392,3975.8969592564686,male
Saikhowa,Adelie,43.33603046765919,14.538448908467839,213.31478807397795,4093.582010243081,male
Saikhowa,Adelie,48.069849103637225,16.479319018556478,207.61803778086784,4114.963233946715,female
Saikhowa,Adelie,42.300375051498236,15.460462244238247,212.82098920958555,4527.06433800949,male
Umananda,Chinstrap,38.751343585874324,15.87908980344012,201.16869382341113,4746.791384654434,female
Majuli,Gentoo,35.232704145140495,18.874516179127877,203.16942617012162,4483.743874619319,male
Saikhowa,Gentoo,38.62438006826463,20.042660322664332,219.00935612994573,3719.5323928881267,male
Saikhowa,Gentoo,42.81539436986286,14.451262507241243,191.64045920419304,3608.98806744628,female
Saikhowa,Adelie,32.33736329041339,18.252152851015634,198.97122955908338,4001.380917941968,female
Umananda,Chinstrap,44.15771378854641,15.534492740620008,207.98254071425444,4213.059763202331,female
Umananda,Chinstrap,41.038063441140324,15.596656179951848,198.0413917991216,3908.404327141439,female
Majuli,Gentoo,39.25405420120641,17.98127244284543,194.29854120716965,3327.2575818738887,female
Umananda,Gentoo,36.70293294274499,14.94419446857261,206.18484512786523,4341.0297542884,male
Saikhowa,Adelie,37.618111495153165,17.94120520155009,213.35805666491495,3803.8426156330484,male
Majuli,Gentoo,42.98653020732654,18.46022671301947,198.59165637194144,3788.743632788978,male
Saikhowa,Adelie,39.35894236952445,16.134935476601964,198.3141037918925,3972.6936629709535,female
Saikhowa,Adelie,37.49430016360715,19.654156204027334,193.5231197431657,3880.0505414599197,female
Umananda,Chinstrap,42.34281746685761,14.454350775876986,197.04023156594266,3816.749472243949,female
Majuli,Gentoo,42.54094888746065,19.690812381223346,210.83606079830184,3359.937346533405,female
Umananda,Adelie,33.754124693379765,13.112025141029735,200.81062870693657,3943.8762665241707,female
Umananda,Gentoo,42.857403482884926,22.399428280839018,191.9500933906971,4351.476895953434,female
Majuli,Adelie,52.50849106430221,16.187595522756336,202.62362380323663,4132.322002560644,male
Saikhowa,Adelie,42.34810394687752,14.675385687224765,210.5119401098604,4474.060719550323,male
Saikhowa,Adelie,31.504963975781664,16.534656182960003,194.3811433645257,3635.7274888399966,male
Majuli,Gentoo,40.88687695919773,14.907044114751143,186.71394780404438,3360.970760441099,male
Saikhowa,Adelie,30.845923129031576,17.773930597709086,221.90825159872753,3877.075010511002,male
Majuli,Gentoo,55.8368583603208,19.735314662940294,186.21470649956754,3692.8816907256514,female
Majuli,Chinstrap,51.17837343492237,15.013087547886645,196.40977436144215,3744.832508396126,female
Umananda,Adelie,36.67030758602302,18.158798478348007,202.3212851185867,4105.874859040564,female
Majuli,Gentoo,28.77166400503082,13.934529262208482,197.2757229875571,3748.4597304476724,female
Umananda,Chinstrap,35.60814406453608,19.065909466457224,199.2508915534498,3374.9657553968027,female
Saikhowa,Adelie,39.09504630530138,17.83247273385519,205.76838167874593,3720.502636059001,female
Saikhowa,Adelie,31.190681289801308,19.152366642660642,176.08278342287207,4170.029683430401,male
Saikhowa,Gentoo,39.65488742501886,16.75530619471779,187.33105528476148,4335.7403005034585,female
Saikhowa,Gentoo,39.06210667864874,16.129686804290497,200.44259386070328,4330.711392041673,female
Umananda,Chinstrap,40.62577348531444,18.632234872114665,195.9578298802639,4212.236547123955,female
Saikhowa,Gentoo,41.1482258846899,14.383902956883162,201.294112582756,3915.953267017378,female
Majuli,Gentoo,35.17191200061424,13.51435133653285,202.27653282631303,4202.457049479564,male
Majuli,Chinstrap,35.73292980125173,16.990076031919923,178.84080004529008,3978.8321709008815,male
Majuli,Gentoo,40.22796082235025,16.220806786282417,212.73640332151646,4056.5480689101187,female
Umananda,Chinstrap,36.845039350630266,18.10766666356309,195.0173211689965,3530.33663106703,male
Saikhowa,Adelie,44.53747384208628,19.183102848627993,191.34486815223994,4021.9374818803576,male
Saikhowa,Adelie,40.1794727488385,18.066028158302277,202.0835529595928,4189.333117125706,female
Saikhowa,Gentoo,49.32501616998737,19.023806623653492,201.07160227782242,4170.563656719854,female
Umananda,Chinstrap,44.10241219135613,17.642104666664327,211.96690817654638,3356.2404869703505,female
Majuli,Gentoo,45.51856934695299,17.989191496642196,202.71873162770018,4048.1303882016914,female
Majuli,Chinstrap,40.66283033982393,16.76668558033546,211.58110848024302,3278.0552112680434,female
Saikhowa,Adelie,40.78680750645148,17.930090922030363,190.61822624572295,4086.838323069263,male
Majuli,Gentoo,48.65660289954589,17.333305657127028,201.418610552075,3649.331404198643,female
Majuli,Gentoo,38.10853558231485,17.650353593058128,188.8525229267511,4852.821471262722,female
Umananda,Chinstrap,42.7338967708262,16.666551933826323,200.9767585556028,4059.621664647945,female
Umananda,Gentoo,38.66881233919271,18.617858400942595,198.85712044398113,4400.582009911961,male
Umananda,Chinstrap,38.65681970806349,15.579094900330096,198.42702574799097,5055.43631851214,female
Umananda,Chinstrap,34.155518671291404,16.96330195819179,198.51472447638366,3591.2990944556395,female
Saikhowa,Adelie,36.2874282457153,19.623567800415152,207.36389470184596,4217.8374554529555,female
Umananda,Adelie,35.35865274291775,15.10255635415775,183.92640342997421,3407.0444953835768,male
Majuli,Gentoo,42.97184404461585,12.67630907649474,191.00212137215829,4172.44850412496,female
Saikhowa,Adelie,45.20102964111831,17.732914332595943,199.59428173254824,4882.854633225202,female
Majuli,Gentoo,39.52623313210799,16.486091019293003,188.2133691052875,3686.0583927791054,female
Majuli,Gentoo,41.148139650818266,19.02172448074368,200.46114106201043,3557.022843352702,male
Majuli,Gentoo,39.23764322447452,16.738969840206014,199.49147478758925,3954.412883240718,female
Umananda,Chinstrap,35.94612040053507,15.791321856873376,185.96243354947416,5022.908644044142,female
Umananda,Gentoo,44.31131512398439,16.848365208363575,185.46834853745722,4385.519459976627,female
Saikhowa,Adelie,43.262673468797395,19.18613717322642,173.76211764450733,3547.5426739719946,male
Saikhowa,Adelie,30.53727007348018,18.15073925438475,187.79329950318086,4727.530291240884,female
Umananda,Chinstrap,38.584454993823734,12.132195486903932,200.143232582106,3172.4685038334064,female
Majuli,Gentoo,35.58986329396286,17.371534984173543,201.56187822940876,5068.279564401362,female
Saikhowa,Gentoo,38.045307151673875,17.47152426480281,202.0189955962845,4428.22534000758,male
Umananda,Gentoo,36.647842164768704,16.96350006959896,192.2208118733262,4881.778720003359,male
Umananda,Chinstrap,39.767898146293,15.778220216862822,199.8169651597851,3176.1009458079825,female
Umananda,Chinstrap,38.35042632433263,19.389063749012887,203.97244609241451,4084.720915429843,male
Majuli,Chinstrap,38.2442965308958,19.488067896269722,187.31964450498847,3933.0555367171423,male
Umananda,Chinstrap,45.536942141693565,12.593679078348277,201.2332907439054,3496.5102632766793,male
Umananda,Gentoo,42.78589330334624,15.404081044517111,206.56481211835091,3351.9881898743038,female
Umananda,Chinstrap,36.48052674849783,16.71053869742856,195.0922787017712,4253.540629379774,female
Umananda,Gentoo,37.22226633593289,18.89701640743334,210.62234330349602,4298.865854056812,male
Saikhowa,Adelie,42.458965276998065,17.069705752783534,195.3256565617503,4649.987023362876,male
Saikhowa,Adelie,42.45209785851383,15.632812399670154,191.39939144876925,3748.2894733365847,male
Umananda,Chinstrap,36.98109880468965,18.41906715461475,205.5684117855292,3929.195094922095,female
Majuli,Gentoo,38.83004666548918,16.577327828898014,220.33293769466457,3308.770037526954,female
Saikhowa,Adelie,49.234030200434844,16.76519828169008,200.85353618887808,4770.392905997374,male
Umananda,Chinstrap,37.067259557393285,16.94568313319185,206.3490780411372,4034.7740438786213,male
Saikhowa,Adelie,49.554022942293926,18.14861688167697,194.91282778902155,4361.294250810053,male
Saikhowa,Adelie,45.51833471262903,16.382900796652425,187.58383780203974,4378.952698055506,male
Majuli,Gentoo,48.62708137527733,18.373892985294443,201.66265645900734,4729.553578650989,female
Umananda,Adelie,36.85464013965286,16.853862063185854,203.24399971787912,3584.3002663662733,male
Umananda,Gentoo,39.15722062968619,14.865966827164248,196.42088909618838,4348.793300173589,female
Majuli,Gentoo,37.754180956122184,16.926447388609105,206.31056518021506,3987.4956468454793,male
Majuli,Gentoo,45.63376595963101,14.96957319370957,193.4591999018568,5052.838533170316,male
Umananda,Adelie,37.161581136639555,17.081973579551885,190.97913734148258,3582.8179105019917,male
Umananda,Gentoo,43.656077466714365,18.658947858462934,210.60642930486165,4585.713173881936,male
Majuli,Adelie,43.3914970559602,14.85274198799577,210.65347626541632,4175.170889614198,male
Saikhowa,Gentoo,39.75985234642911,17.728546811608876,193.65656894164323,4148.928047103011,female
Saikhowa,Adelie,46.49329867082168,15.341925083293585,217.18850490404822,4027.010363023745,male
Majuli,Gentoo,40.53839934863303,17.403401119833095,197.1289330746975,4673.332911418393,male
Saikhowa,Gentoo,44.170428593041514,18.72040848404097,200.84782864643958,4131.925850536967,male
Majuli,Gentoo,37.526483155411086,12.740973851779916,199.15347458151572,3237.7923309395114,female
Saikhowa,Gentoo,36.38281592946588,14.77104834625731,205.2376021744568,4609.751784356123,female
Saikhowa,Adelie,43.65572764628804,16.262041109780156,202.71421493800943,4518.100916065861,female
Umananda,Chinstrap,42.15420122166874,17.63008097836323,202.5796216158166,4293.568842106424,female
Umananda,Chinstrap,41.21653832064183,16.667233341283353,189.80438368280113,3435.7631851262267,male
Saikhowa,Gentoo,38.28155826031108,16.90823843603816,183.11437683210315,3513.44231988934,male
Saikhowa,Adelie,47.74604738263152,21.085969050702513,211.42160028252863,3061.2785573819456,male
Umananda,Adelie,34.41707097873076,14.575085442301544,194.54554001060256,4230.164936589907,female
Umananda,Adelie,34.14328495134514,19.27097003272554,199.50966626566523,3325.225575912815,male
Umananda,Chinstrap,44.71083252581914,16.300043745691166,203.2679890988978,3140.6245535689177,male
Majuli,Gentoo,44.30048192071535,18.09894958499747,216.2900960334927,4637.494559650022,female
Saikhowa,Gentoo,41.76881389495934,21.2578931114912,201.61357924642508,4384.089782231424,female
Umananda,Adelie,38.56023889048597,18.377356047370853,196.05202437075903,3833.4141675845367,female
Saikhowa,Gentoo,42.51211064595206,17.74499141958,194.76455618713143,3932.9767083714023,male
Majuli,Gentoo,48.60415148559767,20.198244670298752,199.6264315875806,2796.327896508029,male
Majuli,Gentoo,52.57773103937112,19.249597289186383,190.90635230359388,4458.37245952961,female
Umananda,Adelie,31.717931472624215,15.401211847677128,200.2887572314901,3653.6342677556577,male
Majuli,Gentoo,37.905399403757265,17.58904948490771,199.47980311541986,4165.145431566571,female
Saikhowa,Adelie,37.5911336850758,13.565008531718481,216.4152694864415,2755.718869104258,female
Umananda,Chinstrap,48.13259735849841,15.919693223251498,199.16398861409078,4488.784016080773,male
Saikhowa,Gentoo,27.593525067173992,17.62810593519972,180.7551183895115,3623.577615307138,female
Saikhowa,Adelie,42.56917596532773,15.795789294437483,226.73510970396478,3311.978868105323,female
Majuli,Gentoo,38.71594845790483,17.54673349194385,209.56833731156098,3830.1991827558163,female
Majuli,Gentoo,48.1905637477382,16.973230768693924,220.82348744095586,3701.8023910322577,male
Majuli,Gentoo,47.5051942000223,18.072833464790087,188.42680013015516,4537.133806454933,female
Majuli,Gentoo,41.82753367413346,16.15160195594378,197.7817321874371,3789.8024388191866,female
Majuli,Gentoo,32.10138464644102,15.119702171126573,206.7440124149432,4681.308513306683,female
Umananda,Chinstrap,37.130552588324335,19.956253652346522,205.3639137228446,4165.071307894536,female
Saikhowa,Adelie,37.67804461693131,16.008606514620112,203.06937707359552,4447.183943606187,female
Saikhowa,Adelie,33.36772602773267,18.320021186234236,178.00389281499446,3998.916773386057,female
Saikhowa,Gentoo,45.77292140929685,19.870494052945073,182.87560542435688,4636.029491169942,female
Saikhowa,Adelie,32.73286751362797,17.325339997995066,215.17520109063872,3423.1880048586618,male
Majuli,Gentoo,49.82663754226856,15.287386861113701,216.9532953286969,4056.8122287471633,male
Saikhowa,Adelie,49.814113170227294,16.642780050905312,198.93348708563605,3801.7820852842924,female
Umananda,Gentoo,38.07469869070247,19.035081833213507,213.90427474406383,4698.314239753656,male
Umananda,Gentoo,41.64247685064908,17.412495091475726,189.767722338567,4749.517202329713,male
Saikhowa,Gentoo,39.63858260964788,14.589716415591447,192.0557394653132,4000.2106296185593,female
Saikhowa,Gentoo,44.50912400180845,18.193287667067423,188.9771967813685,3354.2444494520973,male
Umananda,Gentoo,46.37338669282379,18.539062938101996,191.50080454311353,4213.548658395834,female
Umananda,Gentoo,41.28998496060033,16.289376227764134,207.2269600952262,3167.6951324831166,female
Majuli,Gentoo,42.34558354890531,18.22048875120949,191.37647626936555,4813.071399391556,female
Umananda,Chinstrap,36.89697868030242,17.490037190920933,222.39743039927865,3763.4149646819806,female
Majuli,Adelie,42.18356983445169,16.605140922715922,204.60070606347438,3984.7149182912526,female
Majuli,Gentoo,40.81381039461991,14.412928512812673,210.8452704649509,3659.524462096623,male
Majuli,Gentoo,35.44102755624321,19.155907790211515,204.89940582800074,3549.10920664959,female
Majuli,Gentoo,39.92981445328444,18.518421999839667,212.14269650459278,4368.645658273526,male
Majuli,Gentoo,38.084087410069635,18.167772588750626,191.32000000461454,3920.691661474339,female
Saikhowa,Adelie,36.95252209090971,20.089052007356187,214.46933538199556,4021.2412694615878,female
Umananda,Chinstrap,34.26754396200216,18.890387454027188,201.40938885591436,3498.0544603905805,female
Majuli,Adelie,40.312513666247376,18.373132012303124,212.09266110968738,4428.0296117485195,male
Umananda,Chinstrap,36.09762996837328,12.573545303946338,185.60435946623815,4478.894867568433,female
Umananda,Adelie,37.6444591384865,19.39378990360483,201.80583206608364,3895.535756560211,female
Majuli,Adelie,45.37562137608644,17.1661610285641,201.45238716781665,4633.961066665944,female
Saikhowa,Gentoo,43.16058050634189,17.62498336051428,193.80763535020557,3947.9379228877388,female
Majuli,Chinstrap,35.10616676069373,17.638666379386773,203.13118829747265,4389.87774814441,male
Saikhowa,Gentoo,41.75945533953218,18.547665487284558,215.39606848001515,3188.5362095849514,female
Umananda,Chinstrap,40.663903491320774,19.24435005760337,193.0384764103688,4176.7154332432065,male
Saikhowa,Gentoo,48.508481042667306,18.268482286118445,209.61854356204938,3864.2592661965327,female
Saikhowa,Adelie,46.91572500436137,17.950571178639784,188.7257694385349,4077.761212977498,male
Saikhowa,Gentoo,32.33125637145082,17.463025478591142,221.0944459464246,4055.341202827913,male
Umananda,Gentoo,44.305638344793,10.296778966190644,207.84600318436708,4062.849911088492,female
Umananda,Chinstrap,46.32598625811849,16.424817961099624,217.25117332258571,4307.850364681277,female
Saikhowa,Gentoo,42.796796043641656,15.11682096529871,206.72060519093768,3717.4131841970107,male
Saikhowa,Gentoo,38.322939281529045,19.42147907787817,203.9061317772936,4284.539629767822,female
Majuli,Gentoo,52.06696957558568,18.238074396572586,207.92932940485917,4616.2624415589535,female
Saikhowa,Adelie,43.25704640463511,16.08372602557253,198.6355253664583,3294.9294975098383,female
Majuli,Gentoo,49.88272136864114,16.28456563546151,183.82166094441678,3609.729950885337,male
Saikhowa,Adelie,46.75739214736754,16.212037273395158,204.47399346466793,3630.732287249407,female
Majuli,Chinstrap,42.32067330111652,16.17634769136216,192.44496665400246,3453.97710027452,female
Umananda,Chinstrap,37.101495442631865,14.110885112950406,188.983380846206,3762.6511151814707,female
Saikhowa,Adelie,39.879475609237495,13.677441013444465,206.3629316843861,4516.559257699921,male
Saikhowa,Gentoo,38.89043773603223,17.058093544763487,197.20891525100305,4723.793462256214,female
Saikhowa,Adelie,33.92740522175365,19.15062827871871,210.2770440660569,4053.087484873251,male
Saikhowa,Gentoo,43.25140787479852,15.924620605144275,192.1105923124093,3837.8819945758996,female
Majuli,Gentoo,47.83676500979705,17.60688950184809,195.29171023486174,4401.46198454033,male
Saikhowa,Adelie,38.50848252724277,18.46852183435345,211.50296026301393,2818.01575287391,female
Umananda,Chinstrap,50.818282496123686,15.013243588832287,202.79842660997608,3472.410763948421,female
Umananda,Chinstrap,32.21208607069133,16.960049142560194,185.22671959093861,2839.1847966500422,male
Saikhowa,Adelie,45.27181774193602,15.666959037452969,202.57760882860111,3467.150141322279,male
Umananda,Chinstrap,48.35760117702705,20.212238983662587,214.81238548588803,3616.491236549,male
Saikhowa,Adelie,38.9798470950947,20.124919013724227,195.21422555378533,4738.840938968839,female
Saikhowa,Adelie,39.069717474285596,15.0153143202503,205.9805769645291,2619.4690169220053,female
Umananda,Chinstrap,45.21382587922201,17.771768766168652,191.50613084844096,3791.648699882833,female
Saikhowa,Adelie,42.52995554979767,19.13519860162498,198.6321672503057,4309.783236089053,female
Umananda,Gentoo,30.012943282702466,18.69665900075266,210.89835536450434,4205.365331634546,male
Majuli,Gentoo,35.783134227303094,17.16312606996873,202.19231667754974,4730.869066767447,female
Saikhowa,Adelie,39.9322522597627,19.613114923528695,212.89269862715636,4080.5257392982944,female
Majuli,Gentoo,33.15150910157467,15.190970622021135,204.2530240422786,4187.139090240573,female
Umananda,Adelie,37.62912841785048,16.393814111210617,222.1873967720084,3080.7465840987247,female
Majuli,Gentoo,33.27657287378033,15.24471516048085,184.3508663078073,3505.8655709115956,female
Majuli,Gentoo,38.14914684723305,18.564986989401245,197.82806649939036,3108.647628275988,female
Umananda,Chinstrap,38.3168863633942,15.834726251401097,189.1546620670795,4286.30405395705,female
Majuli,Gentoo,41.75877338296857,16.65750164912583,189.8375082554175,4174.345225878623,male
Majuli,Gentoo,39.5412033800025,18.235340736531498,189.9281630619396,4156.768983641758,female
Umananda,Chinstrap,42.51394860520378,18.396499827555633,201.67725822051221,3559.2831957709627,female
Majuli,Gentoo,41.917720037369605,15.185747307489498,202.26300934821867,3513.525110341667,female
Umananda,Gentoo,45.15669997132155,19.113310567545586,204.27455924995115,4104.723466148209,female
Majuli,Chinstrap,44.36891520480058,17.911379337334502,188.76939439855448,3665.3069736144325,male
Umananda,Chinstrap,43.84061917567358,14.836594320839197,196.75775181001708,3489.7977180838816,male
Umananda,Gentoo,55.52433714233361,14.344568208486773,190.3570536024363,3745.805314370966,male
Majuli,Gentoo,41.737013183211644,16.968360579475863,209.35881556271715,3669.628981982346,male
Majuli,Chinstrap,52.967857519294306,18.70018797863362,191.29732449819028,3566.6385126857735,male
Majuli,Gentoo,42.06109201121967,18.75143172480196,197.8628784800412,3387.116091621199,male
Saikhowa,Adelie,39.58574542597054,17.712333754449684,205.60306441323107,4224.3448841694535,female
Saikhowa,Gentoo,38.13417408893402,17.097349676653653,193.84371325502434,4778.024719738529,male
Saikhowa,Gentoo,47.54862899224214,18.02347533815801,206.93878444980655,3980.497899690673,male
Umananda,Chinstrap,48.20251696443969,15.289338971221483,215.9607973553315,4111.217068484964,female
Majuli,Gentoo,42.998919279823646,20.373975726050784,201.89711728725524,4268.188926300852,male
Umananda,Chinstrap,45.66773387251353,20.347876836245042,209.01610914568408,4183.282878596561,female
Saikhowa,Adelie,33.61389767038458,17.857624629241396,179.26579111063617,3576.5438358415104,female
Majuli,Gentoo,32.25610088743894,17.394600839985703,195.7094807315215,4859.923105551293,male
Umananda,Chinstrap,46.23163442898727,16.17715805468126,201.84900816928976,3621.3447431610193,female
Majuli,Chinstrap,39.36594251048489,18.057497691599323,189.47034921599692,4324.044182330204,male
Umananda,Gentoo,43.746512086987515,15.617365257966446,202.0764933540409,4265.095653671456,male
Majuli,Gentoo,36.41356025021961,12.552775938008939,210.5994055605915,3020.7792289326812,female
Saikhowa,Gentoo,48.28494234852388,11.571785399017827,181.20439371989977,3820.5767915435404,female
Saikhowa,Adelie,32.29790664055482,15.401003333673026,188.10927134196152,4028.314225906085,male
Majuli,Gentoo,33.072074567586554,17.312756245836557,201.84813270764187,4066.575605712143,female
Umananda,Chinstrap,47.22155791856172,17.663943467906964,204.60419729440048,4150.710257758384,female
Saikhowa,Gentoo,26.950791035085498,16.02648598298143,207.38080374909651,4378.831436469988,male
Saikhowa,Adelie,41.89284434047458,17.283670334285805,201.10889478887768,3996.242317864611,male
Saikhowa,Adelie,39.463370022017116,16.45154328589094,204.6151240501581,4177.308784008972,female
Majuli,Gentoo,36.320240403999854,15.001374484699726,209.0348070854068,3977.5227066138086,male
Majuli,Gentoo,39.00030075704816,16.89251098206175,195.85541898229673,3491.333171622613,male
Umananda,Gentoo,35.76238253455095,18.6259142247313,193.9141391399358,4016.200720684837,male
Umananda,Chinstrap,47.711279730242495,15.091876504507356,198.31493369065132,4374.544922126534,male
Umananda,Adelie,49.022485441808044,15.092790773960605,201.99487942277412,4554.394191237682,male
Majuli,Gentoo,36.571312066058276,14.861498812095684,193.41726556798682,4268.657828772102,male
Majuli,Gentoo,41.37762438734266,13.126962530983768,196.06242683526787,4667.1751629746495,male
Umananda,Gentoo,33.374617645319766,16.03959525170596,203.97701770507297,4209.432373704491,female
Umananda,Gentoo,45.36526079501564,18.42817222590506,201.57750781029716,4431.939910834419,male
Majuli,Gentoo,45.23504587321657,17.347832167667526,198.14662877184242,4468.695574639893,female
Umananda,Chinstrap,38.52368883646155,16.661498231887386,182.5893068993735,3888.3247295581323,female
Saikhowa,Adelie,40.084425292099475,17.258129596480337,199.9649200799146,4363.001716283834,female
Majuli,Gentoo,39.531172752386645,16.022037025141685,190.29996032490956,3529.677551179543,male
Umananda,Gentoo,31.90771083159862,13.104226725473055,209.830827052059,4174.9061712744315,male
Majuli,Gentoo,47.73002073800063,18.56743756362913,196.9127884672149,4288.512913334226,female
Saikhowa,Adelie,36.165233805587846,19.142249147569302,190.03767943777478,4525.547560349665,male
Majuli,Chinstrap,36.199253638710395,15.543686447864426,199.38456726119952,4410.379651990653,female
Majuli,Gentoo,39.24790072769083,16.69832875878689,212.7069958509219,4532.057091667357,male
Majuli,Gentoo,44.977742926811395,16.52600165787968,206.3081584914462,3950.3098349367883,male
Majuli,Gentoo,37.04348392453984,17.702577618849084,202.19917150605934,3827.3034226649766,female
Saikhowa,Adelie,30.23907389298278,20.37978691325258,186.73904940953145,3862.550621057192,female
Majuli,Gentoo,35.565009696352334,19.31958249057861,216.21600099766323,4133.141865224316,female
Majuli,Gentoo,42.120702095394954,16.246171549172207,193.78372825964098,3095.626492178874,male
Umananda,Gentoo,50.948751439045935,18.084927723000472,209.33783912872343,4665.878485197277,female
Majuli,Gentoo,33.70040016813422,19.508713737145424,196.74637121648584,4021.9366799144873,male
Umananda,Adelie,33.51749116259585,17.816690328789555,208.3750787248324,3792.49920883244,male
Saikhowa,Adelie,32.43702249580592,16.990601191119655,213.06874095875273,2735.14189469727,male
Saikhowa,Adelie,31.816375043503296,17.89200018933437,206.48137269907534,3981.593246910859,female
Saikhowa,Adelie,46.028457300407155,15.593456954873053,207.55854959759938,3900.761742462122,female
Saikhowa,Gentoo,47.4734428768219,15.885437751791837,199.0156101384437,3551.4767846773725,female
Umananda,Chinstrap,40.88877946790201,14.871931529597806,195.6603385792719,3663.476577436494,male
Majuli,Gentoo,37.661436139295716,17.614129033140486,201.3829868978581,3986.6816777774184,male
Saikhowa,Adelie,48.95571893431313,16.737194187955524,196.60085494230782,3705.8817702061583,female
Majuli,Gentoo,40.86954020828252,15.353763877303841,224.67203710812493,4285.939033089178,male
Umananda,Chinstrap,45.44718354680217,16.67164117675899,190.07641713509486,3625.608205677992,male
Umananda,Adelie,37.41775529139092,17.93999652152634,210.0208521659041,4077.304214760389,female
Umananda,Chinstrap,40.22121927111887,20.829424611995982,205.17196834539013,4590.022684405585,female
Saikhowa,Adelie,33.81329177276477,19.024135729407718,202.2987220812394,3981.702068718724,female
Majuli,Gentoo,43.14624485946793,12.43170428503532,214.7988609991384,4177.988561979872,male
Majuli,Gentoo,40.95468875386658,17.47861693364069,202.98377452601179,4146.325693700299,male
Majuli,Gentoo,35.52718383793108,19.85864852542571,193.65093080257586,4003.998449808633,male
Umananda,Chinstrap,35.59446425236769,14.324253017579535,202.91730377253407,3966.496429028245,male
Saikhowa,Adelie,48.079792516693715,18.10311854042485,198.1682173109477,3714.312889275044,male
Umananda,Gentoo,49.85834375230908,16.526715628937907,205.0328466881665,4075.5061452789096,female
Umananda,Gentoo,38.934323316663395,19.30058106183232,208.13073631629499,3858.3662455802664,male
Majuli,Gentoo,40.338767863810816,17.808514390026904,191.4091205763593,4773.045084117353,male
Umananda,Chinstrap,42.000572373241084,15.231969090881588,211.95336118002817,4405.5716295549555,male
Majuli,Chinstrap,40.74015879079844,16.59829704341876,197.45100155131541,3273.602052055827,female
Saikhowa,Adelie,31.62851139730685,16.716608647904753,204.43613922682178,3301.4210008909613,female
Majuli,Gentoo,42.13935338595193,16.7536435703799,206.17030170320697,3934.7700654803175,female
Saikhowa,Adelie,29.560554826996956,19.238525889550527,203.6738869063063,3802.347261280127,male
Majuli,Gentoo,36.33657904371191,15.31476015721954,198.9089148234743,3908.403040889037,female
Umananda,Chinstrap,42.52713573312409,19.006102619322366,195.11402418007336,4325.580730326156,female
Umananda,Adelie,42.999971039624185,16.39550064815696,197.3100549269666,4157.867949438679,female
Saikhowa,Gentoo,35.94963457895255,17.44702221265833,215.65171932528878,4152.814615229077,male
Saikhowa,Gentoo,37.70781529906541,17.144755172562068,191.3413356287094,4723.097332747697,female
Saikhowa,Adelie,37.030817455007735,16.95638932383633,192.80756662037035,3305.5542229134603,male
Majuli,Gentoo,39.48577918431965,16.972794331109355,192.36851176856285,4051.9694170744497,male
Majuli,Gentoo,39.86602826682168,19.914717116542043,201.35753879917664,3710.473726026373,female
Saikhowa,Adelie,43.34234064764555,18.68489984981229,184.75294550012194,4717.717892919676,male
Umananda,Adelie,37.415515685551085,16.27456862084014,186.46440143865607,2895.324197088328,female
Majuli,Adelie,41.866980959567776,20.165574508244184,197.39045167040743,2917.259207143499,male
Majuli,Gentoo,42.535078822435956,17.549362147985704,187.12224554701763,4152.318148174026,female
Majuli,Gentoo,40.99144688685933,17.71524851864779,187.937286907172,4563.148279662073,female
Saikhowa,Gentoo,38.70197088775263,15.325361841337218,187.19731590637062,4386.627160658525,female
Saikhowa,Adelie,40.9032273213772,16.00500268318972,191.53388290866673,3599.509603341146,male
Saikhowa,Adelie,43.758701366967884,15.622992984145649,207.31246506670405,4753.21086100079,female
Saikhowa,Adelie,44.19592433858156,17.17214572998735,209.55707956121083,3384.2656257028957,male
Saikhowa,Adelie,49.07686342413453,18.27756615889642,219.19000893218606,4653.742094771673,female
Umananda,Chinstrap,35.049868818468696,17.734464598844426,218.8236185851348,3450.385874820928,male
Umananda,Gentoo,37.799963045022984,20.176088312139164,207.86312709880445,3824.087913831389,male
Saikhowa,Adelie,31.93265669865799,15.22448398957753,210.27677674801032,4319.6347689284585,female
Majuli,Gentoo,44.65504732163927,17.229738087077763,201.31102090685917,3266.8960845519177,female
Saikhowa,Gentoo,38.32746246821627,14.434121341403412,205.1986485201227,4734.511698770384,female
Umananda,Gentoo,41.03095491014663,15.156258056793476,219.4360304818317,3821.028084299343,female
Umananda,Chinstrap,36.9783071527668,19.529156754676926,203.7121286805683,4068.6380678391447,female
Majuli,Gentoo,38.366480025110874,16.073670267057068,211.5323857854524,4581.100394520376,male
Umananda,Chinstrap,46.11595052713329,15.393272407879458,190.6564839142149,3603.437327416425,female
Saikhowa,Gentoo,43.47116705242992,12.740046248834105,193.33761275741773,4530.406843127695,female
Majuli,Gentoo,39.442389711705275,15.373290704422164,203.12069597794968,4820.266785446185,male
Saikhowa,Adelie,43.839069597381986,16.58943945161004,201.4993167006339,3672.2105013352107,female
Saikhowa,Gentoo,43.94950040018937,14.285194080427578,193.80065812595103,4684.693836298147,female
Majuli,Chinstrap,38.042872416566325,16.474433222035064,224.0737758393122,3119.7107028791984,male
Saikhowa,Adelie,32.654602196818956,19.541262121316446,201.72594103914867,4194.800197397283,female
Umananda,Gentoo,35.50419186498981,15.585389319343335,195.57274947815338,3385.7007421480957,female
Saikhowa,Gentoo,33.29735698308741,15.113233901260129,201.5161882736063,4471.284274268095,female
Majuli,Gentoo,45.822173229964534,14.752197066269813,200.25426702611634,4430.228024211102,male
Majuli,Adelie,46.69057608223841,14.7164718149684,201.87802547891087,5038.689997795622,female
Majuli,Chinstrap,47.93186940079508,18.071154893776857,184.06282984648968,4710.64149147625,male
Saikhowa,Adelie,29.902222255114157,17.0973374737661,212.91946696566865,3917.1144011992724,female
Majuli,Gentoo,45.357004551868606,18.913713758551147,213.4882942043915,3459.1262563505798,male
Majuli,Gentoo,51.06095654692343,21.03967578330851,214.70320772036484,4282.843539834695,female
Saikhowa,Adelie,45.55993856905322,13.339217736181704,203.25431758536297,3969.6342948072534,male
Umananda,Gentoo,29.243851910646654,17.760157416883548,206.62481060164515,4775.577522297852,male
Saikhowa,Gentoo,48.84149154198386,14.76276133113288,191.3377305199275,2916.809578292111,male
Majuli,Gentoo,40.208445185659706,18.577798596066902,208.3289932859739,5094.028379644314,male
Majuli,Gentoo,38.83800446749764,16.456175997853126,202.51787706893938,4265.995303805902,male
Saikhowa,Adelie,42.255476482914894,17.054645521728347,195.39593384360757,3593.493939139814,male
Umananda,Chinstrap,34.75496538714757,14.433645144140383,208.6474469164084,4366.994613709283,female
Majuli,Chinstrap,40.0139118546079,16.147145949773666,209.034490360911,4648.710710644852,female
Majuli,Gentoo,48.10214822552037,17.17932450221652,200.60608835674932,4057.1734456518443,male
Majuli,Gentoo,43.11198435261644,19.71215629361342,204.38382580128402,3117.5398079275783,male
Saikhowa,Gentoo,40.29200736051334,15.41087894518289,189.6828298806644,3853.076481826447,male
Majuli,Gentoo,40.44804079963804,15.898616856939373,212.43183437214358,4519.697526521069,male
Umananda,Adelie,34.093030083505994,18.888579284364564,191.01186811965098,4248.332367113688,female
